"BehaviorSpace results (NetLogo 6.4.0)","Table version 2.0"
"drone_airtag_landing.nlogo"
"validate"
"10/01/2026 10:06:27:266 +0530"
"min-pxcor","max-pxcor","min-pycor","max-pycor"
"-12","30","-23","17"
"[run number]","start-address","seed","fixed-seed?","wind?","feed-forward?","gain-schedule?","anti-windup?","tracker-coordinated-turn?","[step]","mission-state","true-offset-cm","mission-time","altitude-m"
"3","4","1","true","true","true","true","true","true","1372","LANDED","1.9","27.4","0.21"
"5","6","1","true","true","true","true","true","true","1647","LANDED","3","32.9","3.43"
"6","9","1","true","true","true","true","true","true","1602","LANDED","2.2","32","7.73"
"4","5","1","true","true","true","true","true","true","1616","LANDED","6.6","32.3","0.55"
"1","1","1","true","true","true","true","true","true","1618","LANDED","1.4","32.4","0.21"
"2","3","1","true","true","true","true","true","true","1914","LANDED","5.6","38.3","0.55"
